{"cameraMode":{"drawMode":0,"name":"Shaded","section":"Shading Mode"},"sceneLighting":true,"audioPlay":false,"sceneViewState":{"m_AlwaysRefresh":false,"showFog":true,"showSkybox":true,"showFlares":true,"showImageEffects":true,"showParticleSystems":true,"showVisualEffectGraphs":true,"m_FxEnabled":true},"in2DMode":false,"pivot":{"x":188.1649169921875,"y":1380.087646484375,"z":123.26580810546875},"rotation":{"x":-0.24870915710926057,"y":0.025593776255846025,"z":-0.00808478519320488,"w":-0.9685765504837036},"size":406.9990539550781,"orthographic":false}