{"cameraMode":{"drawMode":0,"name":"Shaded","section":"Shading Mode"},"sceneLighting":false,"audioPlay":false,"sceneViewState":{"m_AlwaysRefresh":false,"showFog":true,"showSkybox":false,"showFlares":true,"showImageEffects":true,"showParticleSystems":true,"showVisualEffectGraphs":true,"m_FxEnabled":true},"in2DMode":false,"pivot":{"x":-0.6482627391815186,"y":2.629283905029297,"z":4.562157154083252},"rotation":{"x":0.054841846227645877,"y":0.4038655161857605,"z":-0.022786058485507966,"w":0.9132674932479858},"size":5.5489678382873539,"orthographic":false}