{"cameraMode":{"drawMode":0,"name":"Shaded","section":"Shading Mode"},"sceneLighting":false,"audioPlay":false,"sceneViewState":{"m_AlwaysRefresh":false,"showFog":true,"showSkybox":false,"showFlares":true,"showImageEffects":true,"showParticleSystems":true,"showVisualEffectGraphs":true,"m_FxEnabled":true},"in2DMode":false,"pivot":{"x":-0.11453916877508164,"y":2.612889051437378,"z":89.50801086425781},"rotation":{"x":0.045601166784763339,"y":-0.00044833365245722234,"z":0.000057515477237757295,"w":-0.9990092515945435},"size":5.452243804931641,"orthographic":false}