{"cameraMode":{"drawMode":0,"name":"Shaded","section":"Shading Mode"},"sceneLighting":false,"audioPlay":false,"sceneViewState":{"m_AlwaysRefresh":false,"showFog":true,"showSkybox":false,"showFlares":true,"showImageEffects":true,"showParticleSystems":true,"showVisualEffectGraphs":true,"m_FxEnabled":true},"in2DMode":false,"pivot":{"x":1.4613515138626099,"y":0.7312179803848267,"z":4.097892761230469},"rotation":{"x":-0.26770371198654177,"y":-0.07304765284061432,"z":0.020357759669423105,"w":-0.960517168045044},"size":3.0476150512695314,"orthographic":false}