{"cameraMode":{"drawMode":0,"name":"Shaded","section":"Shading Mode"},"sceneLighting":false,"audioPlay":false,"sceneViewState":{"m_AlwaysRefresh":false,"showFog":true,"showSkybox":false,"showFlares":true,"showImageEffects":true,"showParticleSystems":true,"showVisualEffectGraphs":true,"m_FxEnabled":true},"in2DMode":false,"pivot":{"x":-2.815804958343506,"y":0.9100000858306885,"z":7.844874382019043},"rotation":{"x":-0.31843963265419009,"y":-0.06574362516403198,"z":0.022200260311365129,"w":-0.9454402923583984},"size":3.6456611156463625,"orthographic":false}